{"cameraMode":{"drawMode":0,"name":"Shaded","section":"Shading Mode"},"sceneLighting":false,"audioPlay":false,"sceneViewState":{"m_AlwaysRefresh":false,"showFog":true,"showSkybox":false,"showFlares":true,"showImageEffects":true,"showParticleSystems":true,"showVisualEffectGraphs":true,"m_FxEnabled":true},"in2DMode":false,"pivot":{"x":4.172325134277344e-7,"y":1.1804449558258057,"z":-0.026260435581207277},"rotation":{"x":-0.28073760867118838,"y":0.2225581258535385,"z":-0.06709563732147217,"w":-0.9312134981155396},"size":0.7626863718032837,"orthographic":false}