{"cameraMode":{"drawMode":0,"name":"Shaded","section":"Shading Mode"},"sceneLighting":false,"audioPlay":false,"sceneViewState":{"m_AlwaysRefresh":false,"showFog":true,"showSkybox":false,"showFlares":true,"showImageEffects":true,"showParticleSystems":true,"showVisualEffectGraphs":true,"m_FxEnabled":true},"in2DMode":false,"pivot":{"x":4.172325134277344e-7,"y":0.4304448962211609,"z":-0.026260435581207277},"rotation":{"x":-0.07651887834072113,"y":0.8924210071563721,"z":-0.16544663906097413,"w":-0.41274362802505495},"size":0.7626863718032837,"orthographic":false}