{"cameraMode":{"drawMode":0,"name":"Shaded","section":"Shading Mode"},"sceneLighting":false,"audioPlay":false,"sceneViewState":{"m_AlwaysRefresh":false,"showFog":true,"showSkybox":false,"showFlares":true,"showImageEffects":true,"showParticleSystems":true,"showVisualEffectGraphs":true,"m_FxEnabled":true},"in2DMode":false,"pivot":{"x":0.17918646335601808,"y":1.202998399734497,"z":0.8416988849639893},"rotation":{"x":0.08187013864517212,"y":-0.6607736945152283,"z":0.07285059988498688,"w":0.7425513863563538},"size":0.7573392987251282,"orthographic":false}