{"cameraMode":{"drawMode":0,"name":"Shaded","section":"Shading Mode"},"sceneLighting":false,"audioPlay":false,"sceneViewState":{"m_AlwaysRefresh":false,"showFog":true,"showSkybox":false,"showFlares":true,"showImageEffects":true,"showParticleSystems":true,"showVisualEffectGraphs":true,"m_FxEnabled":true},"in2DMode":false,"pivot":{"x":3.914292335510254,"y":-1.2752904891967774,"z":-10.995833396911621},"rotation":{"x":-0.012732546776533127,"y":-0.9872647523880005,"z":0.11034844815731049,"w":-0.11393192410469055},"size":7.161230564117432,"orthographic":false}