{"cameraMode":{"drawMode":0,"name":"Shaded","section":"Shading Mode"},"sceneLighting":false,"audioPlay":false,"sceneViewState":{"m_AlwaysRefresh":false,"showFog":true,"showSkybox":false,"showFlares":true,"showImageEffects":true,"showParticleSystems":true,"showVisualEffectGraphs":true,"m_FxEnabled":true},"in2DMode":false,"pivot":{"x":0.10640409588813782,"y":-0.6453671455383301,"z":3.9113245010375978},"rotation":{"x":-0.08271118998527527,"y":-0.009869396686553955,"z":0.0008192906389012933,"w":-0.9965261816978455},"size":7.761578559875488,"orthographic":false}